source_name,source_url,match_date,season,competition_name,stage,away_team,matchday,kickoff_time,attendance,home_team,stadium_name,stadium_capacity,is_home_match,result,goals_for,goals_against,opponent_name_raw,opponent_name_normalized
transfermarkt,https://www.transfermarkt.com/oud-heverlee-leuven/spielplan/verein/2727/saison_id/2017/plus/1,2017-08-05,2017/18,Challenger Pro League,,Lierse SK,1,08:30,4321,OH Leuven,King Power at Den Dreef Stadion,10200,True,2:2,2,2,Lierse SK,Lierse SK
transfermarkt,https://www.transfermarkt.com/oud-heverlee-leuven/spielplan/verein/2727/saison_id/2017/plus/1,2017-08-19,2017/18,Challenger Pro League,,Cercle Brugge,3,08:30,3720,OH Leuven,King Power at Den Dreef Stadion,10200,True,7:1,7,1,Cercle Brugge,Cercle Brugge
transfermarkt,https://www.transfermarkt.com/oud-heverlee-leuven/spielplan/verein/2727/saison_id/2017/plus/1,2017-09-08,2017/18,Challenger Pro League,,AFC Tubize,5,08:30,3000,OH Leuven,King Power at Den Dreef Stadion,10200,True,2:0,2,0,AFC Tubize,AFC Tubize
transfermarkt,https://www.transfermarkt.com/oud-heverlee-leuven/spielplan/verein/2727/saison_id/2017/plus/1,2017-09-24,2017/18,Challenger Pro League,,KFCO Beerschot,7,04:00,6407,OH Leuven,King Power at Den Dreef Stadion,10200,True,1:1,1,1,KFCO Beerschot,KFCO Beerschot
transfermarkt,https://www.transfermarkt.com/oud-heverlee-leuven/spielplan/verein/2727/saison_id/2017/plus/1,2017-09-30,2017/18,Challenger Pro League,,KSV Roeselare,8,05:00,4003,OH Leuven,King Power at Den Dreef Stadion,10200,True,2:0,2,0,KSV Roeselare,KSV Roeselare
transfermarkt,https://www.transfermarkt.com/oud-heverlee-leuven/spielplan/verein/2727/saison_id/2017/plus/1,2017-10-08,2017/18,Challenger Pro League,,Westerlo,10,06:00,4456,OH Leuven,King Power at Den Dreef Stadion,10200,True,2:1,2,1,KVC Westerlo,Westerlo
transfermarkt,https://www.transfermarkt.com/oud-heverlee-leuven/spielplan/verein/2727/saison_id/2017/plus/1,2017-10-28,2017/18,Challenger Pro League,,Union SG,13,08:30,5220,OH Leuven,King Power at Den Dreef Stadion,10200,True,1:0,1,0,Union SG,Union SG
transfermarkt,https://www.transfermarkt.com/oud-heverlee-leuven/spielplan/verein/2727/saison_id/2017/plus/1,2017-11-12,2017/18,Challenger Pro League,,KSV Roeselare,15,06:00,4060,OH Leuven,King Power at Den Dreef Stadion,10200,True,1:1,1,1,KSV Roeselare,KSV Roeselare
transfermarkt,https://www.transfermarkt.com/oud-heverlee-leuven/spielplan/verein/2727/saison_id/2017/plus/1,2017-12-03,2017/18,Challenger Pro League,,AFC Tubize,18,04:00,3856,OH Leuven,King Power at Den Dreef Stadion,10200,True,1:1,1,1,AFC Tubize,AFC Tubize
transfermarkt,https://www.transfermarkt.com/oud-heverlee-leuven/spielplan/verein/2727/saison_id/2017/plus/1,2017-12-15,2017/18,Challenger Pro League,,Lierse SK,20,08:30,5446,OH Leuven,King Power at Den Dreef Stadion,10200,True,2:1,2,1,Lierse SK,Lierse SK
transfermarkt,https://www.transfermarkt.com/oud-heverlee-leuven/spielplan/verein/2727/saison_id/2017/plus/1,2018-01-14,2017/18,Challenger Pro League,,Union SG,22,06:00,3700,OH Leuven,King Power at Den Dreef Stadion,10200,True,3:1,3,1,Union SG,Union SG
transfermarkt,https://www.transfermarkt.com/oud-heverlee-leuven/spielplan/verein/2727/saison_id/2017/plus/1,2018-01-26,2017/18,Challenger Pro League,,Westerlo,24,08:30,4420,OH Leuven,King Power at Den Dreef Stadion,10200,True,0:1,0,1,KVC Westerlo,Westerlo
transfermarkt,https://www.transfermarkt.com/oud-heverlee-leuven/spielplan/verein/2727/saison_id/2017/plus/1,2018-02-02,2017/18,Challenger Pro League,,Cercle Brugge,25,08:30,3500,OH Leuven,King Power at Den Dreef Stadion,10200,True,2:2,2,2,Cercle Brugge,Cercle Brugge
transfermarkt,https://www.transfermarkt.com/oud-heverlee-leuven/spielplan/verein/2727/saison_id/2017/plus/1,2018-02-17,2017/18,Challenger Pro League,,KFCO Beerschot,27,08:30,4943,OH Leuven,King Power at Den Dreef Stadion,10200,True,1:1,1,1,KFCO Beerschot,KFCO Beerschot
transfermarkt,https://www.transfermarkt.com/oud-heverlee-leuven/spielplan/verein/2727/saison_id/2017/plus/1,2018-04-07,2017/18,Jupiler Pro League Europe Play-Offs,,Lierse SK,2,08:00,3375,OH Leuven,King Power at Den Dreef Stadion,10200,True,1:2,1,2,Lierse SK,Lierse SK
transfermarkt,https://www.transfermarkt.com/oud-heverlee-leuven/spielplan/verein/2727/saison_id/2017/plus/1,2018-04-21,2017/18,Jupiler Pro League Europe Play-Offs,,Mouscron,5,06:00,3605,OH Leuven,King Power at Den Dreef Stadion,10200,True,3:1,3,1,Mouscron,Mouscron
transfermarkt,https://www.transfermarkt.com/oud-heverlee-leuven/spielplan/verein/2727/saison_id/2017/plus/1,2018-04-28,2017/18,Jupiler Pro League Europe Play-Offs,,Waasland-Beveren,6,08:00,3557,OH Leuven,King Power at Den Dreef Stadion,10200,True,0:0,0,0,Waasland-Beveren,Waasland-Beveren
transfermarkt,https://www.transfermarkt.com/oud-heverlee-leuven/spielplan/verein/2727/saison_id/2017/plus/1,2018-05-08,2017/18,Jupiler Pro League Europe Play-Offs,,Kortrijk,8,08:30,3574,OH Leuven,King Power at Den Dreef Stadion,10200,True,0:2,0,2,KV Kortrijk,Kortrijk
transfermarkt,https://www.transfermarkt.com/oud-heverlee-leuven/spielplan/verein/2727/saison_id/2017/plus/1,2018-05-11,2017/18,Jupiler Pro League Europe Play-Offs,,Zulte Waregem,9,08:30,4058,OH Leuven,King Power at Den Dreef Stadion,10200,True,1:2,1,2,Zulte Waregem,Zulte Waregem
transfermarkt,https://www.transfermarkt.com/oud-heverlee-leuven/spielplan/verein/2727/saison_id/2017/plus/1,2017-08-27,2017/18,Belgian Cup,,KFC Turnhout,Fifth Round,04:00,1490,OH Leuven,King Power at Den Dreef Stadion,10200,True,8:0,8,0,KFC Turnhout,KFC Turnhout
transfermarkt,https://www.transfermarkt.com/oud-heverlee-leuven/spielplan/verein/2727/saison_id/2018/plus/1,2018-08-04,2018/19,Challenger Pro League,,Mechelen,1,05:00,6749,OH Leuven,King Power at Den Dreef Stadion,10200,True,1:1,1,1,KV Mechelen,Mechelen
transfermarkt,https://www.transfermarkt.com/oud-heverlee-leuven/spielplan/verein/2727/saison_id/2018/plus/1,2018-08-19,2018/19,Challenger Pro League,,KFCO Beerschot,3,04:00,4819,OH Leuven,King Power at Den Dreef Stadion,10200,True,1:1,1,1,KFCO Beerschot,KFCO Beerschot
transfermarkt,https://www.transfermarkt.com/oud-heverlee-leuven/spielplan/verein/2727/saison_id/2018/plus/1,2018-09-01,2018/19,Challenger Pro League,,Westerlo,4,05:00,4431,OH Leuven,King Power at Den Dreef Stadion,10200,True,1:3,1,3,KVC Westerlo,Westerlo
transfermarkt,https://www.transfermarkt.com/oud-heverlee-leuven/spielplan/verein/2727/saison_id/2018/plus/1,2018-09-22,2018/19,Challenger Pro League,,KSV Roeselare,7,08:30,3995,OH Leuven,King Power at Den Dreef Stadion,10200,True,0:2,0,2,KSV Roeselare,KSV Roeselare
transfermarkt,https://www.transfermarkt.com/oud-heverlee-leuven/spielplan/verein/2727/saison_id/2018/plus/1,2018-09-30,2018/19,Challenger Pro League,,Union SG,8,04:00,3617,OH Leuven,King Power at Den Dreef Stadion,10200,True,1:3,1,3,Union SG,Union SG
transfermarkt,https://www.transfermarkt.com/oud-heverlee-leuven/spielplan/verein/2727/saison_id/2018/plus/1,2018-12-04,2018/19,Challenger Pro League,,Lommel SK,10,08:30,1800,OH Leuven,King Power at Den Dreef Stadion,10200,True,1:2,1,2,Lommel SK,Lommel SK
transfermarkt,https://www.transfermarkt.com/oud-heverlee-leuven/spielplan/verein/2727/saison_id/2018/plus/1,2018-11-03,2018/19,Challenger Pro League,,AFC Tubize,13,05:00,3847,OH Leuven,King Power at Den Dreef Stadion,10200,True,4:1,4,1,AFC Tubize,AFC Tubize
transfermarkt,https://www.transfermarkt.com/oud-heverlee-leuven/spielplan/verein/2727/saison_id/2018/plus/1,2018-11-16,2018/19,Challenger Pro League,,Union SG,15,08:30,4466,OH Leuven,King Power at Den Dreef Stadion,10200,True,1:2,1,2,Union SG,Union SG
transfermarkt,https://www.transfermarkt.com/oud-heverlee-leuven/spielplan/verein/2727/saison_id/2018/plus/1,2018-12-01,2018/19,Challenger Pro League,,Lommel SK,17,08:30,2500,OH Leuven,King Power at Den Dreef Stadion,10200,True,3:1,3,1,Lommel SK,Lommel SK
transfermarkt,https://www.transfermarkt.com/oud-heverlee-leuven/spielplan/verein/2727/saison_id/2018/plus/1,2018-12-14,2018/19,Challenger Pro League,,Mechelen,19,08:30,4250,OH Leuven,King Power at Den Dreef Stadion,10200,True,1:3,1,3,KV Mechelen,Mechelen
transfermarkt,https://www.transfermarkt.com/oud-heverlee-leuven/spielplan/verein/2727/saison_id/2018/plus/1,2019-01-13,2018/19,Challenger Pro League,,AFC Tubize,21,08:00,3504,OH Leuven,King Power at Den Dreef Stadion,10200,True,0:2,0,2,AFC Tubize,AFC Tubize
transfermarkt,https://www.transfermarkt.com/oud-heverlee-leuven/spielplan/verein/2727/saison_id/2018/plus/1,2019-02-01,2018/19,Challenger Pro League,,KSV Roeselare,24,08:30,3613,OH Leuven,King Power at Den Dreef Stadion,10200,True,0:1,0,1,KSV Roeselare,KSV Roeselare
transfermarkt,https://www.transfermarkt.com/oud-heverlee-leuven/spielplan/verein/2727/saison_id/2018/plus/1,2019-02-16,2018/19,Challenger Pro League,,Westerlo,26,05:00,4431,OH Leuven,King Power at Den Dreef Stadion,10200,True,3:0,3,0,KVC Westerlo,Westerlo
transfermarkt,https://www.transfermarkt.com/oud-heverlee-leuven/spielplan/verein/2727/saison_id/2018/plus/1,2019-03-03,2018/19,Challenger Pro League,,KFCO Beerschot,28,04:00,7249,OH Leuven,King Power at Den Dreef Stadion,10200,True,2:2,2,2,KFCO Beerschot,KFCO Beerschot
transfermarkt,https://www.transfermarkt.com/oud-heverlee-leuven/spielplan/verein/2727/saison_id/2018/plus/1,2019-03-29,2018/19,Challenger Pro League Relegation-Playoffs,,AFC Tubize,2,08:30,3971,OH Leuven,King Power at Den Dreef Stadion,10200,True,0:1,0,1,AFC Tubize,AFC Tubize
transfermarkt,https://www.transfermarkt.com/oud-heverlee-leuven/spielplan/verein/2727/saison_id/2018/plus/1,2019-04-14,2018/19,Challenger Pro League Relegation-Playoffs,,KSV Roeselare,4,08:00,4470,OH Leuven,King Power at Den Dreef Stadion,10200,True,3:0,3,0,KSV Roeselare,KSV Roeselare
transfermarkt,https://www.transfermarkt.com/oud-heverlee-leuven/spielplan/verein/2727/saison_id/2018/plus/1,2019-04-26,2018/19,Challenger Pro League Relegation-Playoffs,,Lommel SK,6,08:30,4500,OH Leuven,King Power at Den Dreef Stadion,10200,True,1:0,1,0,Lommel SK,Lommel SK
transfermarkt,https://www.transfermarkt.com/oud-heverlee-leuven/spielplan/verein/2727/saison_id/2019/plus/1,2019-08-03,2019/20,Challenger Pro League,,RE Virton,1,05:00,3624,OH Leuven,King Power at Den Dreef Stadion,10200,True,1:0,1,0,RE Virton,RE Virton
transfermarkt,https://www.transfermarkt.com/oud-heverlee-leuven/spielplan/verein/2727/saison_id/2019/plus/1,2019-08-16,2019/20,Challenger Pro League,,Beerschot,3,08:30,,OH Leuven,King Power at Den Dreef Stadion,10200,True,3:0,3,0,Beerschot VA,Beerschot
transfermarkt,https://www.transfermarkt.com/oud-heverlee-leuven/spielplan/verein/2727/saison_id/2019/plus/1,2019-09-07,2019/20,Challenger Pro League,,KSV Roeselare,5,08:30,3849,OH Leuven,King Power at Den Dreef Stadion,10200,True,4:0,4,0,KSV Roeselare,KSV Roeselare
transfermarkt,https://www.transfermarkt.com/oud-heverlee-leuven/spielplan/verein/2727/saison_id/2019/plus/1,2019-09-22,2019/20,Challenger Pro League,,Lommel SK,7,04:00,,OH Leuven,King Power at Den Dreef Stadion,10200,True,1:0,1,0,Lommel SK,Lommel SK
transfermarkt,https://www.transfermarkt.com/oud-heverlee-leuven/spielplan/verein/2727/saison_id/2019/plus/1,2019-10-05,2019/20,Challenger Pro League,,KSC Lokeren,9,08:30,,OH Leuven,King Power at Den Dreef Stadion,10200,True,2:3,2,3,KSC Lokeren,KSC Lokeren
transfermarkt,https://www.transfermarkt.com/oud-heverlee-leuven/spielplan/verein/2727/saison_id/2019/plus/1,2019-10-25,2019/20,Challenger Pro League,,Westerlo,12,08:30,,OH Leuven,King Power at Den Dreef Stadion,10200,True,2:1,2,1,KVC Westerlo,Westerlo
transfermarkt,https://www.transfermarkt.com/oud-heverlee-leuven/spielplan/verein/2727/saison_id/2019/plus/1,2020-02-11,2019/20,Challenger Pro League,,Union SG,13,08:30,,OH Leuven,King Power at Den Dreef Stadion,10200,True,0:0,0,0,Union SG,Union SG
transfermarkt,https://www.transfermarkt.com/oud-heverlee-leuven/spielplan/verein/2727/saison_id/2019/plus/1,2019-11-15,2019/20,Challenger Pro League,,Beerschot,15,08:30,,OH Leuven,King Power at Den Dreef Stadion,10200,True,0:3,0,3,Beerschot VA,Beerschot
transfermarkt,https://www.transfermarkt.com/oud-heverlee-leuven/spielplan/verein/2727/saison_id/2019/plus/1,2019-11-29,2019/20,Challenger Pro League,,KSC Lokeren,17,08:30,,OH Leuven,King Power at Den Dreef Stadion,10200,True,2:1,2,1,KSC Lokeren,KSC Lokeren
transfermarkt,https://www.transfermarkt.com/oud-heverlee-leuven/spielplan/verein/2727/saison_id/2019/plus/1,2019-12-21,2019/20,Challenger Pro League,,RE Virton,20,08:30,,OH Leuven,King Power at Den Dreef Stadion,10200,True,0:2,0,2,RE Virton,RE Virton
transfermarkt,https://www.transfermarkt.com/oud-heverlee-leuven/spielplan/verein/2727/saison_id/2019/plus/1,2020-01-19,2019/20,Challenger Pro League,,Westerlo,22,04:00,,OH Leuven,King Power at Den Dreef Stadion,10200,True,1:3,1,3,KVC Westerlo,Westerlo
transfermarkt,https://www.transfermarkt.com/oud-heverlee-leuven/spielplan/verein/2727/saison_id/2019/plus/1,2020-02-01,2019/20,Challenger Pro League,,KSV Roeselare,24,08:30,,OH Leuven,King Power at Den Dreef Stadion,10200,True,2:1,2,1,KSV Roeselare,KSV Roeselare
transfermarkt,https://www.transfermarkt.com/oud-heverlee-leuven/spielplan/verein/2727/saison_id/2019/plus/1,2020-02-08,2019/20,Challenger Pro League,,Lommel SK,25,05:00,,OH Leuven,King Power at Den Dreef Stadion,10200,True,3:0,3,0,Lommel SK,Lommel SK
transfermarkt,https://www.transfermarkt.com/oud-heverlee-leuven/spielplan/verein/2727/saison_id/2019/plus/1,2020-02-21,2019/20,Challenger Pro League,,Union SG,27,08:30,,OH Leuven,King Power at Den Dreef Stadion,10200,True,3:5,3,5,Union SG,Union SG
transfermarkt,https://www.transfermarkt.com/oud-heverlee-leuven/spielplan/verein/2727/saison_id/2019/plus/1,2020-08-02,2019/20,Challenger Pro League Promotion-Playoffs,,Beerschot,final 2nd leg,07:00,,OH Leuven,King Power at Den Dreef Stadion,10200,True,1:4,1,4,Beerschot VA,Beerschot
transfermarkt,https://www.transfermarkt.com/oud-heverlee-leuven/spielplan/verein/2727/saison_id/2019/plus/1,2019-08-23,2019/20,Belgian Cup,,RFC Wetteren,Fifth Round,08:30,,OH Leuven,King Power at Den Dreef Stadion,10200,True,6:0,6,0,RFC Wetteren,RFC Wetteren
transfermarkt,https://www.transfermarkt.com/oud-heverlee-leuven/spielplan/verein/2727/saison_id/2020/plus/1,2020-08-10,2020/21,Belgian Pro League,,Eupen,1,07:00,,OH Leuven,King Power at Den Dreef Stadion,10200,True,1:1,1,1,KAS Eupen,Eupen
transfermarkt,https://www.transfermarkt.com/oud-heverlee-leuven/spielplan/verein/2727/saison_id/2020/plus/1,2020-08-22,2020/21,Belgian Pro League,,R Charleroi SC,3,06:30,,OH Leuven,King Power at Den Dreef Stadion,10200,True,1:3,1,3,R Charleroi SC,R Charleroi SC
transfermarkt,https://www.transfermarkt.com/oud-heverlee-leuven/spielplan/verein/2727/saison_id/2020/plus/1,2020-09-12,2020/21,Belgian Pro League,,Standard Liege,5,06:30,2000,OH Leuven,King Power at Den Dreef Stadion,10200,True,1:0,1,0,Standard Liège,Standard Liege
transfermarkt,https://www.transfermarkt.com/oud-heverlee-leuven/spielplan/verein/2727/saison_id/2020/plus/1,2020-10-03,2020/21,Belgian Pro League,,Zulte Waregem,8,06:30,3000,OH Leuven,King Power at Den Dreef Stadion,10200,True,2:1,2,1,Zulte Waregem,Zulte Waregem
transfermarkt,https://www.transfermarkt.com/oud-heverlee-leuven/spielplan/verein/2727/saison_id/2020/plus/1,2020-10-24,2020/21,Belgian Pro League,,Club Brugge,10,08:45,,OH Leuven,King Power at Den Dreef Stadion,10200,True,2:1,2,1,Club Brugge,Club Brugge
transfermarkt,https://www.transfermarkt.com/oud-heverlee-leuven/spielplan/verein/2727/saison_id/2020/plus/1,2020-12-08,2020/21,Belgian Pro League,,Mouscron,12,05:00,,OH Leuven,King Power at Den Dreef Stadion,10200,True,2:0,2,0,Mouscron,Mouscron
transfermarkt,https://www.transfermarkt.com/oud-heverlee-leuven/spielplan/verein/2727/saison_id/2020/plus/1,2020-11-23,2020/21,Belgian Pro League,,Sint Truiden,13,08:45,,OH Leuven,King Power at Den Dreef Stadion,10200,True,2:2,2,2,Sint-Truiden,Sint Truiden
transfermarkt,https://www.transfermarkt.com/oud-heverlee-leuven/spielplan/verein/2727/saison_id/2020/plus/1,2020-12-05,2020/21,Belgian Pro League,,Cercle Brugge,15,06:30,,OH Leuven,King Power at Den Dreef Stadion,10200,True,2:1,2,1,Cercle Brugge,Cercle Brugge
transfermarkt,https://www.transfermarkt.com/oud-heverlee-leuven/spielplan/verein/2727/saison_id/2020/plus/1,2020-12-20,2020/21,Belgian Pro League,,Mechelen,17,04:00,,OH Leuven,King Power at Den Dreef Stadion,10200,True,1:2,1,2,KV Mechelen,Mechelen
transfermarkt,https://www.transfermarkt.com/oud-heverlee-leuven/spielplan/verein/2727/saison_id/2020/plus/1,2020-12-26,2020/21,Belgian Pro League,,KV Oostende,19,06:30,,OH Leuven,King Power at Den Dreef Stadion,10200,True,1:2,1,2,KV Oostende,KV Oostende
transfermarkt,https://www.transfermarkt.com/oud-heverlee-leuven/spielplan/verein/2727/saison_id/2020/plus/1,2021-01-24,2020/21,Belgian Pro League,,Gent,21,08:45,,OH Leuven,King Power at Den Dreef Stadion,10200,True,0:3,0,3,KAA Gent,Gent
transfermarkt,https://www.transfermarkt.com/oud-heverlee-leuven/spielplan/verein/2727/saison_id/2020/plus/1,2021-01-30,2020/21,Belgian Pro League,,Beerschot,23,06:30,,OH Leuven,King Power at Den Dreef Stadion,10200,True,0:1,0,1,Beerschot VA,Beerschot
transfermarkt,https://www.transfermarkt.com/oud-heverlee-leuven/spielplan/verein/2727/saison_id/2020/plus/1,2021-02-12,2020/21,Belgian Pro League,,Kortrijk,26,08:45,,OH Leuven,King Power at Den Dreef Stadion,10200,True,3:1,3,1,KV Kortrijk,Kortrijk
transfermarkt,https://www.transfermarkt.com/oud-heverlee-leuven/spielplan/verein/2727/saison_id/2020/plus/1,2021-03-01,2020/21,Belgian Pro League,,Antwerp,28,08:45,,OH Leuven,King Power at Den Dreef Stadion,10200,True,2:0,2,0,Royal Antwerp,Antwerp
transfermarkt,https://www.transfermarkt.com/oud-heverlee-leuven/spielplan/verein/2727/saison_id/2020/plus/1,2021-01-10,2020/21,Belgian Pro League,,Anderlecht,30,06:15,,OH Leuven,King Power at Den Dreef Stadion,10200,True,1:0,1,0,RSC Anderlecht,Anderlecht
transfermarkt,https://www.transfermarkt.com/oud-heverlee-leuven/spielplan/verein/2727/saison_id/2020/plus/1,2021-04-05,2020/21,Belgian Pro League,,Genk,32,01:30,,OH Leuven,King Power at Den Dreef Stadion,10200,True,2:3,2,3,Genk,Genk
transfermarkt,https://www.transfermarkt.com/oud-heverlee-leuven/spielplan/verein/2727/saison_id/2020/plus/1,2021-04-18,2020/21,Belgian Pro League,,Waasland-Beveren,34,06:00,,OH Leuven,King Power at Den Dreef Stadion,10200,True,1:2,1,2,Waasland-Beveren,Waasland-Beveren
transfermarkt,https://www.transfermarkt.com/oud-heverlee-leuven/spielplan/verein/2727/saison_id/2020/plus/1,2021-02-03,2020/21,Belgian Cup,,Cercle Brugge,Sixth Round,06:00,,OH Leuven,King Power at Den Dreef Stadion,10200,True,2:3,2,3,Cercle Brugge,Cercle Brugge
transfermarkt,https://www.transfermarkt.com/oud-heverlee-leuven/spielplan/verein/2727/saison_id/2021/plus/1,2021-07-24,2021/22,Belgian Pro League,,Zulte Waregem,1,04:15,3300,OH Leuven,King Power at Den Dreef Stadion,10200,True,1:1,1,1,Zulte Waregem,Zulte Waregem
transfermarkt,https://www.transfermarkt.com/oud-heverlee-leuven/spielplan/verein/2727/saison_id/2021/plus/1,2021-08-08,2021/22,Belgian Pro League,,R Charleroi SC,3,04:00,3300,OH Leuven,King Power at Den Dreef Stadion,10200,True,1:1,1,1,R Charleroi SC,R Charleroi SC
transfermarkt,https://www.transfermarkt.com/oud-heverlee-leuven/spielplan/verein/2727/saison_id/2021/plus/1,2021-08-21,2021/22,Belgian Pro League,,Eupen,5,06:30,3300,OH Leuven,King Power at Den Dreef Stadion,10200,True,1:4,1,4,KAS Eupen,Eupen
transfermarkt,https://www.transfermarkt.com/oud-heverlee-leuven/spielplan/verein/2727/saison_id/2021/plus/1,2021-09-12,2021/22,Belgian Pro League,,Kortrijk,7,09:00,3200,OH Leuven,King Power at Den Dreef Stadion,10200,True,2:1,2,1,KV Kortrijk,Kortrijk
transfermarkt,https://www.transfermarkt.com/oud-heverlee-leuven/spielplan/verein/2727/saison_id/2021/plus/1,2021-10-02,2021/22,Belgian Pro League,,Beerschot,10,08:45,5200,OH Leuven,King Power at Den Dreef Stadion,10200,True,0:0,0,0,Beerschot VA,Beerschot
transfermarkt,https://www.transfermarkt.com/oud-heverlee-leuven/spielplan/verein/2727/saison_id/2021/plus/1,2021-10-24,2021/22,Belgian Pro League,,Sint Truiden,12,09:00,5100,OH Leuven,King Power at Den Dreef Stadion,10200,True,4:1,4,1,Sint-Truiden,Sint Truiden
transfermarkt,https://www.transfermarkt.com/oud-heverlee-leuven/spielplan/verein/2727/saison_id/2021/plus/1,2021-11-05,2021/22,Belgian Pro League,,KV Oostende,14,08:45,5540,OH Leuven,King Power at Den Dreef Stadion,10200,True,1:0,1,0,KV Oostende,KV Oostende
transfermarkt,https://www.transfermarkt.com/oud-heverlee-leuven/spielplan/verein/2727/saison_id/2021/plus/1,2021-11-20,2021/22,Belgian Pro League,,RFC Seraing,15,06:30,4767,OH Leuven,King Power at Den Dreef Stadion,10200,True,1:3,1,3,RFC Seraing,RFC Seraing
transfermarkt,https://www.transfermarkt.com/oud-heverlee-leuven/spielplan/verein/2727/saison_id/2021/plus/1,2021-12-04,2021/22,Belgian Pro League,,Gent,17,04:15,4047,OH Leuven,King Power at Den Dreef Stadion,10200,True,0:1,0,1,KAA Gent,Gent
transfermarkt,https://www.transfermarkt.com/oud-heverlee-leuven/spielplan/verein/2727/saison_id/2021/plus/1,2021-12-15,2021/22,Belgian Pro League,,Club Brugge,19,09:00,8643,OH Leuven,King Power at Den Dreef Stadion,10200,True,1:4,1,4,Club Brugge,Club Brugge
transfermarkt,https://www.transfermarkt.com/oud-heverlee-leuven/spielplan/verein/2727/saison_id/2021/plus/1,2021-12-19,2021/22,Belgian Pro League,,Standard Liege,20,09:00,4280,OH Leuven,King Power at Den Dreef Stadion,10200,True,2:1,2,1,Standard Liège,Standard Liege
transfermarkt,https://www.transfermarkt.com/oud-heverlee-leuven/spielplan/verein/2727/saison_id/2021/plus/1,2022-01-15,2021/22,Belgian Pro League,,Mechelen,22,04:15,,OH Leuven,King Power at Den Dreef Stadion,10200,True,5:0,5,0,KV Mechelen,Mechelen
transfermarkt,https://www.transfermarkt.com/oud-heverlee-leuven/spielplan/verein/2727/saison_id/2021/plus/1,2022-02-09,2021/22,Belgian Pro League,,Genk,25,09:00,4042,OH Leuven,King Power at Den Dreef Stadion,10200,True,2:1,2,1,Genk,Genk
transfermarkt,https://www.transfermarkt.com/oud-heverlee-leuven/spielplan/verein/2727/saison_id/2021/plus/1,2022-02-12,2021/22,Belgian Pro League,,Cercle Brugge,27,06:30,3989,OH Leuven,King Power at Den Dreef Stadion,10200,True,3:2,3,2,Cercle Brugge,Cercle Brugge
transfermarkt,https://www.transfermarkt.com/oud-heverlee-leuven/spielplan/verein/2727/saison_id/2021/plus/1,2022-02-26,2021/22,Belgian Pro League,,Anderlecht,29,08:45,7801,OH Leuven,King Power at Den Dreef Stadion,10200,True,0:0,0,0,RSC Anderlecht,Anderlecht
transfermarkt,https://www.transfermarkt.com/oud-heverlee-leuven/spielplan/verein/2727/saison_id/2021/plus/1,2022-03-11,2021/22,Belgian Pro League,,Union SG,31,08:45,7123,OH Leuven,King Power at Den Dreef Stadion,10200,True,1:4,1,4,Union SG,Union SG
transfermarkt,https://www.transfermarkt.com/oud-heverlee-leuven/spielplan/verein/2727/saison_id/2021/plus/1,2022-04-02,2021/22,Belgian Pro League,,Antwerp,33,08:45,6491,OH Leuven,King Power at Den Dreef Stadion,10200,True,0:1,0,1,Royal Antwerp,Antwerp
transfermarkt,https://www.transfermarkt.com/oud-heverlee-leuven/spielplan/verein/2727/saison_id/2022/plus/1,2022-07-30,2022/23,Belgian Pro League,,Westerlo,2,06:15,4412,OH Leuven,King Power at Den Dreef Stadion,10200,True,2:0,2,0,KVC Westerlo,Westerlo
transfermarkt,https://www.transfermarkt.com/oud-heverlee-leuven/spielplan/verein/2727/saison_id/2022/plus/1,2022-08-14,2022/23,Belgian Pro League,,Club Brugge,4,06:30,8235,OH Leuven,King Power at Den Dreef Stadion,10200,True,0:3,0,3,Club Brugge,Club Brugge
transfermarkt,https://www.transfermarkt.com/oud-heverlee-leuven/spielplan/verein/2727/saison_id/2022/plus/1,2022-08-27,2022/23,Belgian Pro League,,KV Oostende,6,06:15,4873,OH Leuven,King Power at Den Dreef Stadion,10200,True,2:1,2,1,KV Oostende,KV Oostende
transfermarkt,https://www.transfermarkt.com/oud-heverlee-leuven/spielplan/verein/2727/saison_id/2022/plus/1,2022-09-10,2022/23,Belgian Pro League,,R Charleroi SC,8,08:45,5093,OH Leuven,King Power at Den Dreef Stadion,10200,True,3:2,3,2,R Charleroi SC,R Charleroi SC
transfermarkt,https://www.transfermarkt.com/oud-heverlee-leuven/spielplan/verein/2727/saison_id/2022/plus/1,2022-10-01,2022/23,Belgian Pro League,,Union SG,10,04:00,6855,OH Leuven,King Power at Den Dreef Stadion,10200,True,0:3,0,3,Union SG,Union SG
transfermarkt,https://www.transfermarkt.com/oud-heverlee-leuven/spielplan/verein/2727/saison_id/2022/plus/1,2022-10-15,2022/23,Belgian Pro League,,Genk,12,08:45,7942,OH Leuven,King Power at Den Dreef Stadion,10200,True,0:1,0,1,Genk,Genk
transfermarkt,https://www.transfermarkt.com/oud-heverlee-leuven/spielplan/verein/2727/saison_id/2022/plus/1,2022-10-30,2022/23,Belgian Pro League,,Gent,15,06:30,7851,OH Leuven,King Power at Den Dreef Stadion,10200,True,1:1,1,1,KAA Gent,Gent
transfermarkt,https://www.transfermarkt.com/oud-heverlee-leuven/spielplan/verein/2727/saison_id/2022/plus/1,2022-11-11,2022/23,Belgian Pro League,,RFC Seraing,17,08:45,5806,OH Leuven,King Power at Den Dreef Stadion,10200,True,5:0,5,0,RFC Seraing,RFC Seraing
transfermarkt,https://www.transfermarkt.com/oud-heverlee-leuven/spielplan/verein/2727/saison_id/2022/plus/1,2023-01-08,2022/23,Belgian Pro League,,Kortrijk,19,09:00,4119,OH Leuven,King Power at Den Dreef Stadion,10200,True,2:3,2,3,KV Kortrijk,Kortrijk
transfermarkt,https://www.transfermarkt.com/oud-heverlee-leuven/spielplan/verein/2727/saison_id/2022/plus/1,2023-01-17,2022/23,Belgian Pro League,,Eupen,21,06:30,3853,OH Leuven,King Power at Den Dreef Stadion,10200,True,1:1,1,1,KAS Eupen,Eupen
transfermarkt,https://www.transfermarkt.com/oud-heverlee-leuven/spielplan/verein/2727/saison_id/2022/plus/1,2023-01-28,2022/23,Belgian Pro League,,Sint Truiden,23,06:15,7008,OH Leuven,King Power at Den Dreef Stadion,10200,True,1:1,1,1,Sint-Truiden,Sint Truiden
transfermarkt,https://www.transfermarkt.com/oud-heverlee-leuven/spielplan/verein/2727/saison_id/2022/plus/1,2023-02-10,2022/23,Belgian Pro League,,Cercle Brugge,25,08:00,6500,OH Leuven,King Power at Den Dreef Stadion,10200,True,0:0,0,0,Cercle Brugge,Cercle Brugge
transfermarkt,https://www.transfermarkt.com/oud-heverlee-leuven/spielplan/verein/2727/saison_id/2022/plus/1,2023-02-26,2022/23,Belgian Pro League,,Antwerp,27,04:00,7726,OH Leuven,King Power at Den Dreef Stadion,10200,True,1:1,1,1,Royal Antwerp,Antwerp
transfermarkt,https://www.transfermarkt.com/oud-heverlee-leuven/spielplan/verein/2727/saison_id/2022/plus/1,2023-03-04,2022/23,Belgian Pro League,,Zulte Waregem,28,06:15,6350,OH Leuven,King Power at Den Dreef Stadion,10200,True,4:2,4,2,Zulte Waregem,Zulte Waregem
transfermarkt,https://www.transfermarkt.com/oud-heverlee-leuven/spielplan/verein/2727/saison_id/2022/plus/1,2023-03-19,2022/23,Belgian Pro League,,Anderlecht,30,04:00,9075,OH Leuven,King Power at Den Dreef Stadion,10200,True,0:2,0,2,RSC Anderlecht,Anderlecht
transfermarkt,https://www.transfermarkt.com/oud-heverlee-leuven/spielplan/verein/2727/saison_id/2022/plus/1,2023-04-08,2022/23,Belgian Pro League,,Mechelen,32,04:00,6916,OH Leuven,King Power at Den Dreef Stadion,10200,True,4:1,4,1,KV Mechelen,Mechelen
transfermarkt,https://www.transfermarkt.com/oud-heverlee-leuven/spielplan/verein/2727/saison_id/2022/plus/1,2023-04-23,2022/23,Belgian Pro League,,Standard Liege,34,06:30,8353,OH Leuven,King Power at Den Dreef Stadion,10200,True,3:2,3,2,Standard Liège,Standard Liege
transfermarkt,https://www.transfermarkt.com/oud-heverlee-leuven/spielplan/verein/2727/saison_id/2022/plus/1,2022-12-20,2022/23,Belgian Cup,,Kortrijk,Round of 16,08:00,3100,OH Leuven,King Power at Den Dreef Stadion,10200,True,1:3,1,3,KV Kortrijk,Kortrijk
transfermarkt,https://www.transfermarkt.com/oud-heverlee-leuven/spielplan/verein/2727/saison_id/2023/plus/1,2023-08-05,2023/24,Belgian Pro League,,RWDM,2,08:45,6217,OH Leuven,King Power at Den Dreef Stadion,10200,True,1:2,1,2,RWDM,RWDM
transfermarkt,https://www.transfermarkt.com/oud-heverlee-leuven/spielplan/verein/2727/saison_id/2023/plus/1,2023-08-18,2023/24,Belgian Pro League,,Antwerp,4,08:45,6595,OH Leuven,King Power at Den Dreef Stadion,10200,True,1:1,1,1,Royal Antwerp,Antwerp
transfermarkt,https://www.transfermarkt.com/oud-heverlee-leuven/spielplan/verein/2727/saison_id/2023/plus/1,2023-09-01,2023/24,Belgian Pro League,,Kortrijk,6,08:45,6916,OH Leuven,King Power at Den Dreef Stadion,10200,True,3:0,3,0,KV Kortrijk,Kortrijk
transfermarkt,https://www.transfermarkt.com/oud-heverlee-leuven/spielplan/verein/2727/saison_id/2023/plus/1,2023-09-17,2023/24,Belgian Pro League,,Gent,7,06:30,7338,OH Leuven,King Power at Den Dreef Stadion,10200,True,1:1,1,1,KAA Gent,Gent
transfermarkt,https://www.transfermarkt.com/oud-heverlee-leuven/spielplan/verein/2727/saison_id/2023/plus/1,2023-09-30,2023/24,Belgian Pro League,,Standard Liege,9,06:15,7216,OH Leuven,King Power at Den Dreef Stadion,10200,True,1:2,1,2,Standard Liège,Standard Liege
transfermarkt,https://www.transfermarkt.com/oud-heverlee-leuven/spielplan/verein/2727/saison_id/2023/plus/1,2023-10-22,2023/24,Belgian Pro League,,Sint Truiden,11,07:15,7239,OH Leuven,King Power at Den Dreef Stadion,10200,True,4:0,4,0,Sint-Truiden,Sint Truiden
transfermarkt,https://www.transfermarkt.com/oud-heverlee-leuven/spielplan/verein/2727/saison_id/2023/plus/1,2023-11-04,2023/24,Belgian Pro League,,Westerlo,13,06:15,9800,OH Leuven,King Power at Den Dreef Stadion,10200,True,0:2,0,2,KVC Westerlo,Westerlo
transfermarkt,https://www.transfermarkt.com/oud-heverlee-leuven/spielplan/verein/2727/saison_id/2023/plus/1,2023-11-26,2023/24,Belgian Pro League,,Club Brugge,15,04:00,8952,OH Leuven,King Power at Den Dreef Stadion,10200,True,0:1,0,1,Club Brugge,Club Brugge
transfermarkt,https://www.transfermarkt.com/oud-heverlee-leuven/spielplan/verein/2727/saison_id/2023/plus/1,2023-12-16,2023/24,Belgian Pro League,,Cercle Brugge,18,04:00,6642,OH Leuven,King Power at Den Dreef Stadion,10200,True,1:2,1,2,Cercle Brugge,Cercle Brugge
transfermarkt,https://www.transfermarkt.com/oud-heverlee-leuven/spielplan/verein/2727/saison_id/2023/plus/1,2023-12-26,2023/24,Belgian Pro League,,Eupen,20,04:00,6263,OH Leuven,King Power at Den Dreef Stadion,10200,True,3:0,3,0,KAS Eupen,Eupen
transfermarkt,https://www.transfermarkt.com/oud-heverlee-leuven/spielplan/verein/2727/saison_id/2023/plus/1,2024-01-21,2023/24,Belgian Pro League,,Anderlecht,21,06:30,9057,OH Leuven,King Power at Den Dreef Stadion,10200,True,1:1,1,1,RSC Anderlecht,Anderlecht
transfermarkt,https://www.transfermarkt.com/oud-heverlee-leuven/spielplan/verein/2727/saison_id/2023/plus/1,2024-01-31,2023/24,Belgian Pro League,,Genk,23,06:45,6952,OH Leuven,King Power at Den Dreef Stadion,10200,True,2:1,2,1,Genk,Genk
transfermarkt,https://www.transfermarkt.com/oud-heverlee-leuven/spielplan/verein/2727/saison_id/2023/plus/1,2024-02-17,2023/24,Belgian Pro League,,R Charleroi SC,26,06:15,,OH Leuven,King Power at Den Dreef Stadion,10200,True,0:0,0,0,R Charleroi SC,R Charleroi SC
transfermarkt,https://www.transfermarkt.com/oud-heverlee-leuven/spielplan/verein/2727/saison_id/2023/plus/1,2024-03-02,2023/24,Belgian Pro League,,Union SG,28,06:15,9845,OH Leuven,King Power at Den Dreef Stadion,10200,True,0:2,0,2,Union SG,Union SG
transfermarkt,https://www.transfermarkt.com/oud-heverlee-leuven/spielplan/verein/2727/saison_id/2023/plus/1,2024-03-17,2023/24,Belgian Pro League,,Mechelen,30,06:30,8963,OH Leuven,King Power at Den Dreef Stadion,10200,True,1:0,1,0,KV Mechelen,Mechelen
transfermarkt,https://www.transfermarkt.com/oud-heverlee-leuven/spielplan/verein/2727/saison_id/2023/plus/1,2024-03-30,2023/24,Jupiler Pro League Europe Play-Offs,,Mechelen,1,06:15,5336,OH Leuven,King Power at Den Dreef Stadion,10200,True,2:3,2,3,KV Mechelen,Mechelen
transfermarkt,https://www.transfermarkt.com/oud-heverlee-leuven/spielplan/verein/2727/saison_id/2023/plus/1,2024-04-14,2023/24,Jupiler Pro League Europe Play-Offs,,Gent,3,07:15,5700,OH Leuven,King Power at Den Dreef Stadion,10200,True,2:1,2,1,KAA Gent,Gent
transfermarkt,https://www.transfermarkt.com/oud-heverlee-leuven/spielplan/verein/2727/saison_id/2023/plus/1,2024-04-20,2023/24,Jupiler Pro League Europe Play-Offs,,Sint Truiden,4,04:00,4698,OH Leuven,King Power at Den Dreef Stadion,10200,True,1:0,1,0,Sint-Truiden,Sint Truiden
transfermarkt,https://www.transfermarkt.com/oud-heverlee-leuven/spielplan/verein/2727/saison_id/2023/plus/1,2024-05-05,2023/24,Jupiler Pro League Europe Play-Offs,,Standard Liege,7,04:00,5603,OH Leuven,King Power at Den Dreef Stadion,10200,True,3:1,3,1,Standard Liège,Standard Liege
transfermarkt,https://www.transfermarkt.com/oud-heverlee-leuven/spielplan/verein/2727/saison_id/2023/plus/1,2024-05-25,2023/24,Jupiler Pro League Europe Play-Offs,,Westerlo,10,08:30,6603,OH Leuven,King Power at Den Dreef Stadion,10200,True,1:2,1,2,KVC Westerlo,Westerlo
transfermarkt,https://www.transfermarkt.com/oud-heverlee-leuven/spielplan/verein/2727/saison_id/2023/plus/1,2023-11-01,2023/24,Belgian Cup,,Elene-Grotenb.,Seventh Round,06:00,,OH Leuven,King Power at Den Dreef Stadion,10200,True,5:0,5,0,Elene-Grotenb.,Elene-Grotenb.
transfermarkt,https://www.transfermarkt.com/oud-heverlee-leuven/spielplan/verein/2727/saison_id/2023/plus/1,2024-01-24,2023/24,Belgian Cup,,Antwerp,Quarter-Finals,08:30,5888,OH Leuven,King Power at Den Dreef Stadion,10200,True,2:3,2,3,Royal Antwerp,Antwerp
transfermarkt,https://www.transfermarkt.com/oud-heverlee-leuven/spielplan/verein/2727/saison_id/2024/plus/1,2024-08-03,2024/25,Belgian Pro League,,Genk,2,06:15,5501,OH Leuven,King Power at Den Dreef Stadion,10200,True,3:1,3,1,Genk,Genk
transfermarkt,https://www.transfermarkt.com/oud-heverlee-leuven/spielplan/verein/2727/saison_id/2024/plus/1,2024-08-18,2024/25,Belgian Pro League,,Cercle Brugge,4,04:00,5721,OH Leuven,King Power at Den Dreef Stadion,10200,True,1:1,1,1,Cercle Brugge,Cercle Brugge
transfermarkt,https://www.transfermarkt.com/oud-heverlee-leuven/spielplan/verein/2727/saison_id/2024/plus/1,2024-08-31,2024/25,Belgian Pro League,,Standard Liege,6,08:45,6425,OH Leuven,King Power at Den Dreef Stadion,10200,True,2:0,2,0,Standard Liège,Standard Liege
transfermarkt,https://www.transfermarkt.com/oud-heverlee-leuven/spielplan/verein/2727/saison_id/2024/plus/1,2024-09-22,2024/25,Belgian Pro League,,Kortrijk,8,07:15,6000,OH Leuven,King Power at Den Dreef Stadion,10200,True,1:1,1,1,KV Kortrijk,Kortrijk
transfermarkt,https://www.transfermarkt.com/oud-heverlee-leuven/spielplan/verein/2727/saison_id/2024/plus/1,2024-10-20,2024/25,Belgian Pro League,,Antwerp,11,04:00,6507,OH Leuven,King Power at Den Dreef Stadion,10200,True,1:1,1,1,Royal Antwerp,Antwerp
transfermarkt,https://www.transfermarkt.com/oud-heverlee-leuven/spielplan/verein/2727/saison_id/2024/plus/1,2024-11-02,2024/25,Belgian Pro League,,Club Brugge,13,06:15,7895,OH Leuven,King Power at Den Dreef Stadion,10200,True,0:1,0,1,Club Brugge,Club Brugge
transfermarkt,https://www.transfermarkt.com/oud-heverlee-leuven/spielplan/verein/2727/saison_id/2024/plus/1,2024-11-24,2024/25,Belgian Pro League,,Union SG,15,04:00,6300,OH Leuven,King Power at Den Dreef Stadion,10200,True,1:1,1,1,Union SG,Union SG
transfermarkt,https://www.transfermarkt.com/oud-heverlee-leuven/spielplan/verein/2727/saison_id/2024/plus/1,2024-12-01,2024/25,Belgian Pro League,,Anderlecht,16,04:00,8021,OH Leuven,King Power at Den Dreef Stadion,10200,True,0:0,0,0,RSC Anderlecht,Anderlecht
transfermarkt,https://www.transfermarkt.com/oud-heverlee-leuven/spielplan/verein/2727/saison_id/2024/plus/1,2024-12-14,2024/25,Belgian Pro League,,R Charleroi SC,18,06:15,5101,OH Leuven,King Power at Den Dreef Stadion,10200,True,1:0,1,0,R Charleroi SC,R Charleroi SC
transfermarkt,https://www.transfermarkt.com/oud-heverlee-leuven/spielplan/verein/2727/saison_id/2024/plus/1,2024-12-27,2024/25,Belgian Pro League,,Beerschot,20,06:30,6298,OH Leuven,King Power at Den Dreef Stadion,10200,True,2:0,2,0,Beerschot VA,Beerschot
transfermarkt,https://www.transfermarkt.com/oud-heverlee-leuven/spielplan/verein/2727/saison_id/2024/plus/1,2025-01-26,2024/25,Belgian Pro League,,Gent,23,07:15,5358,OH Leuven,King Power at Den Dreef Stadion,10200,True,0:0,0,0,KAA Gent,Gent
transfermarkt,https://www.transfermarkt.com/oud-heverlee-leuven/spielplan/verein/2727/saison_id/2024/plus/1,2025-01-31,2024/25,Belgian Pro League,,Mechelen,24,08:45,6314,OH Leuven,King Power at Den Dreef Stadion,10200,True,1:0,1,0,KV Mechelen,Mechelen
transfermarkt,https://www.transfermarkt.com/oud-heverlee-leuven/spielplan/verein/2727/saison_id/2024/plus/1,2025-02-15,2024/25,Belgian Pro League,,FCV Dender EH,26,04:00,5480,OH Leuven,King Power at Den Dreef Stadion,10200,True,3:2,3,2,FCV Dender EH,FCV Dender EH
transfermarkt,https://www.transfermarkt.com/oud-heverlee-leuven/spielplan/verein/2727/saison_id/2024/plus/1,2025-03-02,2024/25,Belgian Pro League,,Westerlo,28,07:15,6825,OH Leuven,King Power at Den Dreef Stadion,10200,True,0:0,0,0,KVC Westerlo,Westerlo
transfermarkt,https://www.transfermarkt.com/oud-heverlee-leuven/spielplan/verein/2727/saison_id/2024/plus/1,2025-03-16,2024/25,Belgian Pro League,,Sint Truiden,30,06:30,7406,OH Leuven,King Power at Den Dreef Stadion,10200,True,3:2,3,2,Sint-Truiden,Sint Truiden
transfermarkt,https://www.transfermarkt.com/oud-heverlee-leuven/spielplan/verein/2727/saison_id/2024/plus/1,2025-03-28,2024/25,Jupiler Pro League Europe Play-Offs,,R Charleroi SC,1,08:45,4281,OH Leuven,King Power at Den Dreef Stadion,10200,True,0:0,0,0,R Charleroi SC,R Charleroi SC
transfermarkt,https://www.transfermarkt.com/oud-heverlee-leuven/spielplan/verein/2727/saison_id/2024/plus/1,2025-04-19,2024/25,Jupiler Pro League Europe Play-Offs,,FCV Dender EH,4,04:00,4070,OH Leuven,King Power at Den Dreef Stadion,10200,True,4:4,4,4,FCV Dender EH,FCV Dender EH
transfermarkt,https://www.transfermarkt.com/oud-heverlee-leuven/spielplan/verein/2727/saison_id/2024/plus/1,2025-04-26,2024/25,Jupiler Pro League Europe Play-Offs,,Standard Liege,6,04:00,4882,OH Leuven,King Power at Den Dreef Stadion,10200,True,1:1,1,1,Standard Liège,Standard Liege
transfermarkt,https://www.transfermarkt.com/oud-heverlee-leuven/spielplan/verein/2727/saison_id/2024/plus/1,2025-05-03,2024/25,Jupiler Pro League Europe Play-Offs,,Mechelen,7,06:15,5396,OH Leuven,King Power at Den Dreef Stadion,10200,True,1:2,1,2,KV Mechelen,Mechelen
transfermarkt,https://www.transfermarkt.com/oud-heverlee-leuven/spielplan/verein/2727/saison_id/2024/plus/1,2025-05-16,2024/25,Jupiler Pro League Europe Play-Offs,,Westerlo,9,08:45,5825,OH Leuven,King Power at Den Dreef Stadion,10200,True,0:2,0,2,KVC Westerlo,Westerlo
transfermarkt,https://www.transfermarkt.com/oud-heverlee-leuven/spielplan/verein/2727/saison_id/2024/plus/1,2024-10-30,2024/25,Belgian Cup,,RFC Seraing,Seventh Round,08:00,2530,OH Leuven,King Power at Den Dreef Stadion,10200,True,2:0,2,0,RFC Seraing,RFC Seraing
transfermarkt,https://www.transfermarkt.com/oud-heverlee-leuven/spielplan/verein/2727/saison_id/2024/plus/1,2024-12-04,2024/25,Belgian Cup,,Zulte Waregem,Round of 16,08:00,3755,OH Leuven,King Power at Den Dreef Stadion,10200,True,5:0,5,0,Zulte Waregem,Zulte Waregem
transfermarkt,https://www.transfermarkt.com/oud-heverlee-leuven/spielplan/verein/2727/saison_id/2025/plus/1,2025-07-27,2025/26,Belgian Pro League,,R Charleroi SC,1,04:00,6400,OH Leuven,King Power at Den Dreef Stadion,10200,True,2:2,2,2,R Charleroi SC,R Charleroi SC
transfermarkt,https://www.transfermarkt.com/oud-heverlee-leuven/spielplan/verein/2727/saison_id/2025/plus/1,2025-08-15,2025/26,Belgian Pro League,,Genk,4,08:45,8814,OH Leuven,King Power at Den Dreef Stadion,10200,True,1:2,1,2,Genk,Genk
transfermarkt,https://www.transfermarkt.com/oud-heverlee-leuven/spielplan/verein/2727/saison_id/2025/plus/1,2025-08-31,2025/26,Belgian Pro League,,Standard Liege,6,04:00,8252,OH Leuven,King Power at Den Dreef Stadion,10200,True,1:0,1,0,Standard Liège,Standard Liege
transfermarkt,https://www.transfermarkt.com/oud-heverlee-leuven/spielplan/verein/2727/saison_id/2025/plus/1,2025-09-20,2025/26,Belgian Pro League,,La Louvière,8,04:00,6436,OH Leuven,King Power at Den Dreef Stadion,10200,True,1:2,1,2,La Louvière,La Louvière
transfermarkt,https://www.transfermarkt.com/oud-heverlee-leuven/spielplan/verein/2727/saison_id/2025/plus/1,2025-09-26,2025/26,Belgian Pro League,,Anderlecht,9,08:45,8404,OH Leuven,King Power at Den Dreef Stadion,10200,True,1:1,1,1,RSC Anderlecht,Anderlecht
transfermarkt,https://www.transfermarkt.com/oud-heverlee-leuven/spielplan/verein/2727/saison_id/2025/plus/1,2025-10-18,2025/26,Belgian Pro League,,Club Brugge,11,06:15,9545,OH Leuven,King Power at Den Dreef Stadion,10200,True,0:1,0,1,Club Brugge,Club Brugge
transfermarkt,https://www.transfermarkt.com/oud-heverlee-leuven/spielplan/verein/2727/saison_id/2025/plus/1,2025-11-02,2025/26,Belgian Pro League,,Gent,13,04:00,8175,OH Leuven,King Power at Den Dreef Stadion,10200,True,4:0,4,0,KAA Gent,Gent
transfermarkt,https://www.transfermarkt.com/oud-heverlee-leuven/spielplan/verein/2727/saison_id/2025/plus/1,2025-11-23,2025/26,Belgian Pro League,,Sint Truiden,15,07:15,7948,OH Leuven,King Power at Den Dreef Stadion,10200,True,1:2,1,2,Sint-Truiden,Sint Truiden
transfermarkt,https://www.transfermarkt.com/oud-heverlee-leuven/spielplan/verein/2727/saison_id/2025/plus/1,2025-12-07,2025/26,Belgian Pro League,,Zulte Waregem,17,07:15,6912,OH Leuven,King Power at Den Dreef Stadion,10200,True,1:1,1,1,Zulte Waregem,Zulte Waregem
transfermarkt,https://www.transfermarkt.com/oud-heverlee-leuven/spielplan/verein/2727/saison_id/2025/plus/1,2025-12-21,2025/26,Belgian Pro League,,Cercle Brugge,19,07:15,5838,OH Leuven,King Power at Den Dreef Stadion,10200,True,0:2,0,2,Cercle Brugge,Cercle Brugge
transfermarkt,https://www.transfermarkt.com/oud-heverlee-leuven/spielplan/verein/2727/saison_id/2025/plus/1,2026-01-24,2025/26,Belgian Pro League,,Union SG,22,08:45,7323,OH Leuven,King Power at Den Dreef Stadion,10200,True,0:0,0,0,Union SG,Union SG
transfermarkt,https://www.transfermarkt.com/oud-heverlee-leuven/spielplan/verein/2727/saison_id/2025/plus/1,2026-02-01,2025/26,Belgian Pro League,,Mechelen,23,07:15,5919,OH Leuven,King Power at Den Dreef Stadion,10200,True,2:2,2,2,KV Mechelen,Mechelen
transfermarkt,https://www.transfermarkt.com/oud-heverlee-leuven/spielplan/verein/2727/saison_id/2025/plus/1,2026-02-14,2025/26,Belgian Pro League,,FCV Dender EH,25,04:00,5085,OH Leuven,King Power at Den Dreef Stadion,10200,True,3:2,3,2,FCV Dender EH,FCV Dender EH
transfermarkt,https://www.transfermarkt.com/oud-heverlee-leuven/spielplan/verein/2727/saison_id/2025/plus/1,2026-03-07,2025/26,Belgian Pro League,,Westerlo,28,04:00,6565,OH Leuven,King Power at Den Dreef Stadion,10200,True,0:1,0,1,KVC Westerlo,Westerlo
transfermarkt,https://www.transfermarkt.com/oud-heverlee-leuven/spielplan/verein/2727/saison_id/2025/plus/1,2026-03-22,2025/26,Belgian Pro League,,Antwerp,30,06:30,7204,OH Leuven,King Power at Den Dreef Stadion,10200,True,1:0,1,0,Royal Antwerp,Antwerp
transfermarkt,https://www.transfermarkt.com/oud-heverlee-leuven/spielplan/verein/2727/saison_id/2025/plus/1,2025-12-03,2025/26,Belgian Cup,,Club Brugge,Round of 16,08:30,8028,OH Leuven,King Power at Den Dreef Stadion,10200,True,1:2,1,2,Club Brugge,Club Brugge
